year_month,year,product,currency,unit,price,analysis_period,source_validation_caution,month_date,year_mismatch_flag,month_number,previous_month_number,previous_price,consecutive_month_flag,monthly_price_change_pct,price_index_first_observed_100,nonpositive_price_flag
2014-01,2014,DRAM_DDR4_8Gb,USD,USD/chip,4.36,Smart automobile expansion,False,2014-01-01,False,24169,,,False,,100.0,False
2014-02,2014,DRAM_DDR4_8Gb,USD,USD/chip,4.5,Smart automobile expansion,False,2014-02-01,False,24170,24169.0,4.36,True,3.2110091743119185,103.21100917431193,False
2014-03,2014,DRAM_DDR4_8Gb,USD,USD/chip,4.39,Smart automobile expansion,False,2014-03-01,False,24171,24170.0,4.5,True,-2.444444444444449,100.68807339449539,False
2014-04,2014,DRAM_DDR4_8Gb,USD,USD/chip,3.97,Smart automobile expansion,False,2014-04-01,False,24172,24171.0,4.39,True,-9.567198177676527,91.05504587155963,False
2014-05,2014,DRAM_DDR4_8Gb,USD,USD/chip,4.02,Smart automobile expansion,False,2014-05-01,False,24173,24172.0,3.97,True,1.2594458438287104,92.2018348623853,False
2014-06,2014,DRAM_DDR4_8Gb,USD,USD/chip,3.95,Smart automobile expansion,False,2014-06-01,False,24174,24173.0,4.02,True,-1.741293532338295,90.59633027522935,False
2014-07,2014,DRAM_DDR4_8Gb,USD,USD/chip,3.9,Smart automobile expansion,False,2014-07-01,False,24175,24174.0,3.95,True,-1.2658227848101333,89.44954128440367,False
2014-08,2014,DRAM_DDR4_8Gb,USD,USD/chip,3.65,Smart automobile expansion,False,2014-08-01,False,24176,24175.0,3.9,True,-6.41025641025641,83.71559633027522,False
2014-09,2014,DRAM_DDR4_8Gb,USD,USD/chip,3.67,Smart automobile expansion,False,2014-09-01,False,24177,24176.0,3.65,True,0.5479452054794498,84.1743119266055,False
2014-10,2014,DRAM_DDR4_8Gb,USD,USD/chip,3.57,Smart automobile expansion,False,2014-10-01,False,24178,24177.0,3.67,True,-2.7247956403269824,81.88073394495412,False
2014-11,2014,DRAM_DDR4_8Gb,USD,USD/chip,3.7,Smart automobile expansion,False,2014-11-01,False,24179,24178.0,3.57,True,3.6414565826330625,84.86238532110092,False
2014-12,2014,DRAM_DDR4_8Gb,USD,USD/chip,3.61,Smart automobile expansion,False,2014-12-01,False,24180,24179.0,3.7,True,-2.432432432432441,82.79816513761466,False
2015-01,2015,DRAM_DDR4_8Gb,USD,USD/chip,3.38,Smart automobile expansion,False,2015-01-01,False,24181,24180.0,3.61,True,-6.371191135734067,77.5229357798165,False
2015-02,2015,DRAM_DDR4_8Gb,USD,USD/chip,3.28,Smart automobile expansion,False,2015-02-01,False,24182,24181.0,3.38,True,-2.9585798816568087,75.22935779816513,False
2015-03,2015,DRAM_DDR4_8Gb,USD,USD/chip,3.29,Smart automobile expansion,False,2015-03-01,False,24183,24182.0,3.28,True,0.3048780487804992,75.45871559633028,False
2015-04,2015,DRAM_DDR4_8Gb,USD,USD/chip,3.1,Smart automobile expansion,False,2015-04-01,False,24184,24183.0,3.29,True,-5.775075987841949,71.10091743119266,False
2015-05,2015,DRAM_DDR4_8Gb,USD,USD/chip,3.0,Smart automobile expansion,False,2015-05-01,False,24185,24184.0,3.1,True,-3.2258064516129115,68.80733944954129,False
2015-06,2015,DRAM_DDR4_8Gb,USD,USD/chip,2.96,Smart automobile expansion,False,2015-06-01,False,24186,24185.0,3.0,True,-1.3333333333333308,67.88990825688073,False
2015-07,2015,DRAM_DDR4_8Gb,USD,USD/chip,2.93,Smart automobile expansion,False,2015-07-01,False,24187,24186.0,2.96,True,-1.0135135135135087,67.20183486238533,False
2015-08,2015,DRAM_DDR4_8Gb,USD,USD/chip,2.8,Smart automobile expansion,False,2015-08-01,False,24188,24187.0,2.93,True,-4.436860068259396,64.22018348623853,False
2015-09,2015,DRAM_DDR4_8Gb,USD,USD/chip,2.89,Smart automobile expansion,False,2015-09-01,False,24189,24188.0,2.8,True,3.214285714285725,66.28440366972477,False
2015-10,2015,DRAM_DDR4_8Gb,USD,USD/chip,2.88,Smart automobile expansion,False,2015-10-01,False,24190,24189.0,2.89,True,-0.34602076124568004,66.05504587155963,False
2015-11,2015,DRAM_DDR4_8Gb,USD,USD/chip,2.57,Smart automobile expansion,False,2015-11-01,False,24191,24190.0,2.88,True,-10.763888888888895,58.944954128440365,False
2015-12,2015,DRAM_DDR4_8Gb,USD,USD/chip,2.67,Smart automobile expansion,False,2015-12-01,False,24192,24191.0,2.57,True,3.891050583657596,61.23853211009174,False
2016-01,2016,DRAM_DDR4_8Gb,USD,USD/chip,2.58,Smart automobile expansion,False,2016-01-01,False,24193,24192.0,2.67,True,-3.3707865168539297,59.174311926605505,False
2016-02,2016,DRAM_DDR4_8Gb,USD,USD/chip,2.74,Smart automobile expansion,False,2016-02-01,False,24194,24193.0,2.58,True,6.20155038759691,62.84403669724771,False
2016-03,2016,DRAM_DDR4_8Gb,USD,USD/chip,2.8,Smart automobile expansion,False,2016-03-01,False,24195,24194.0,2.74,True,2.1897810218977964,64.22018348623853,False
2016-04,2016,DRAM_DDR4_8Gb,USD,USD/chip,2.74,Smart automobile expansion,False,2016-04-01,False,24196,24195.0,2.8,True,-2.142857142857124,62.84403669724771,False
2016-05,2016,DRAM_DDR4_8Gb,USD,USD/chip,2.85,Smart automobile expansion,False,2016-05-01,False,24197,24196.0,2.74,True,4.014598540145986,65.36697247706422,False
2016-06,2016,DRAM_DDR4_8Gb,USD,USD/chip,3.1,Smart automobile expansion,False,2016-06-01,False,24198,24197.0,2.85,True,8.771929824561408,71.10091743119266,False
2016-07,2016,DRAM_DDR4_8Gb,USD,USD/chip,3.33,Smart automobile expansion,False,2016-07-01,False,24199,24198.0,3.1,True,7.41935483870968,76.37614678899082,False
2016-08,2016,DRAM_DDR4_8Gb,USD,USD/chip,3.02,Smart automobile expansion,False,2016-08-01,False,24200,24199.0,3.33,True,-9.30930930930931,69.26605504587155,False
2016-09,2016,DRAM_DDR4_8Gb,USD,USD/chip,3.45,Smart automobile expansion,False,2016-09-01,False,24201,24200.0,3.02,True,14.238410596026485,79.12844036697247,False
2016-10,2016,DRAM_DDR4_8Gb,USD,USD/chip,3.67,Smart automobile expansion,False,2016-10-01,False,24202,24201.0,3.45,True,6.376811594202891,84.1743119266055,False
2016-11,2016,DRAM_DDR4_8Gb,USD,USD/chip,3.58,Smart automobile expansion,False,2016-11-01,False,24203,24202.0,3.67,True,-2.4523160762942697,82.11009174311926,False
2016-12,2016,DRAM_DDR4_8Gb,USD,USD/chip,3.78,Smart automobile expansion,False,2016-12-01,False,24204,24203.0,3.58,True,5.586592178770933,86.697247706422,False
2017-01,2017,DRAM_DDR4_8Gb,USD,USD/chip,3.89,Smart automobile expansion,False,2017-01-01,False,24205,24204.0,3.78,True,2.9100529100529293,89.22018348623853,False
2017-02,2017,DRAM_DDR4_8Gb,USD,USD/chip,4.29,Smart automobile expansion,False,2017-02-01,False,24206,24205.0,3.89,True,10.282776349614387,98.39449541284402,False
2017-03,2017,DRAM_DDR4_8Gb,USD,USD/chip,4.3,Smart automobile expansion,False,2017-03-01,False,24207,24206.0,4.29,True,0.2331002331002363,98.62385321100916,False
2017-04,2017,DRAM_DDR4_8Gb,USD,USD/chip,4.45,Smart automobile expansion,False,2017-04-01,False,24208,24207.0,4.3,True,3.488372093023262,102.06422018348624,False
2017-05,2017,DRAM_DDR4_8Gb,USD,USD/chip,5.39,Smart automobile expansion,False,2017-05-01,False,24209,24208.0,4.45,True,21.123595505617978,123.62385321100915,False
2017-06,2017,DRAM_DDR4_8Gb,USD,USD/chip,5.28,Smart automobile expansion,False,2017-06-01,False,24210,24209.0,5.39,True,-2.0408163265306034,121.10091743119267,False
2017-07,2017,DRAM_DDR4_8Gb,USD,USD/chip,5.68,Smart automobile expansion,False,2017-07-01,False,24211,24210.0,5.28,True,7.575757575757569,130.27522935779814,False
2017-08,2017,DRAM_DDR4_8Gb,USD,USD/chip,5.77,Smart automobile expansion,False,2017-08-01,False,24212,24211.0,5.68,True,1.5845070422535246,132.33944954128438,False
2017-09,2017,DRAM_DDR4_8Gb,USD,USD/chip,6.05,Smart automobile expansion,False,2017-09-01,False,24213,24212.0,5.77,True,4.8526863084922045,138.76146788990823,False
2017-10,2017,DRAM_DDR4_8Gb,USD,USD/chip,6.55,Smart automobile expansion,False,2017-10-01,False,24214,24213.0,6.05,True,8.264462809917351,150.22935779816513,False
2017-11,2017,DRAM_DDR4_8Gb,USD,USD/chip,6.61,Smart automobile expansion,False,2017-11-01,False,24215,24214.0,6.55,True,0.9160305343511421,151.60550458715596,False
2017-12,2017,DRAM_DDR4_8Gb,USD,USD/chip,7.11,Smart automobile expansion,False,2017-12-01,False,24216,24215.0,6.61,True,7.564296520423608,163.07339449541286,False
2018-01,2018,DRAM_DDR4_8Gb,USD,USD/chip,7.34,Smart automobile expansion,False,2018-01-01,False,24217,24216.0,7.11,True,3.234880450070321,168.348623853211,False
2018-02,2018,DRAM_DDR4_8Gb,USD,USD/chip,7.5,Smart automobile expansion,False,2018-02-01,False,24218,24217.0,7.34,True,2.1798365122615904,172.0183486238532,False
2018-03,2018,DRAM_DDR4_8Gb,USD,USD/chip,7.67,Smart automobile expansion,False,2018-03-01,False,24219,24218.0,7.5,True,2.2666666666666613,175.91743119266056,False
2018-04,2018,DRAM_DDR4_8Gb,USD,USD/chip,8.31,Smart automobile expansion,False,2018-04-01,False,24220,24219.0,7.67,True,8.344198174706662,190.59633027522935,False
2018-05,2018,DRAM_DDR4_8Gb,USD,USD/chip,7.66,Smart automobile expansion,False,2018-05-01,False,24221,24220.0,8.31,True,-7.821901323706381,175.6880733944954,False
2018-06,2018,DRAM_DDR4_8Gb,USD,USD/chip,8.18,Smart automobile expansion,False,2018-06-01,False,24222,24221.0,7.66,True,6.788511749347248,187.61467889908255,False
2018-07,2018,DRAM_DDR4_8Gb,USD,USD/chip,8.43,Smart automobile expansion,False,2018-07-01,False,24223,24222.0,8.18,True,3.0562347188264116,193.348623853211,False
2018-08,2018,DRAM_DDR4_8Gb,USD,USD/chip,8.31,Smart automobile expansion,False,2018-08-01,False,24224,24223.0,8.43,True,-1.4234875444839812,190.59633027522935,False
2018-09,2018,DRAM_DDR4_8Gb,USD,USD/chip,7.32,Smart automobile expansion,False,2018-09-01,False,24225,24224.0,8.31,True,-11.913357400722024,167.88990825688072,False
2018-10,2018,DRAM_DDR4_8Gb,USD,USD/chip,7.51,Smart automobile expansion,False,2018-10-01,False,24226,24225.0,7.32,True,2.595628415300544,172.24770642201833,False
2018-11,2018,DRAM_DDR4_8Gb,USD,USD/chip,7.86,Smart automobile expansion,False,2018-11-01,False,24227,24226.0,7.51,True,4.660452729693754,180.27522935779817,False
2018-12,2018,DRAM_DDR4_8Gb,USD,USD/chip,7.45,Smart automobile expansion,False,2018-12-01,False,24228,24227.0,7.86,True,-5.216284987277353,170.87155963302752,False
2019-01,2019,DRAM_DDR4_8Gb,USD,USD/chip,6.97,Smart automobile expansion,False,2019-01-01,False,24229,24228.0,7.45,True,-6.442953020134235,159.8623853211009,False
2019-02,2019,DRAM_DDR4_8Gb,USD,USD/chip,6.48,Smart automobile expansion,False,2019-02-01,False,24230,24229.0,6.97,True,-7.03012912482065,148.62385321100916,False
2019-03,2019,DRAM_DDR4_8Gb,USD,USD/chip,6.1,Smart automobile expansion,False,2019-03-01,False,24231,24230.0,6.48,True,-5.864197530864212,139.90825688073392,False
2019-04,2019,DRAM_DDR4_8Gb,USD,USD/chip,5.88,Smart automobile expansion,False,2019-04-01,False,24232,24231.0,6.1,True,-3.60655737704918,134.8623853211009,False
2019-05,2019,DRAM_DDR4_8Gb,USD,USD/chip,5.39,Smart automobile expansion,False,2019-05-01,False,24233,24232.0,5.88,True,-8.333333333333337,123.62385321100915,False
2019-06,2019,DRAM_DDR4_8Gb,USD,USD/chip,5.05,Smart automobile expansion,False,2019-06-01,False,24234,24233.0,5.39,True,-6.307977736549164,115.82568807339449,False
2019-07,2019,DRAM_DDR4_8Gb,USD,USD/chip,4.71,Smart automobile expansion,False,2019-07-01,False,24235,24234.0,5.05,True,-6.732673267326728,108.02752293577981,False
2019-08,2019,DRAM_DDR4_8Gb,USD,USD/chip,4.2,Smart automobile expansion,False,2019-08-01,False,24236,24235.0,4.71,True,-10.828025477707005,96.3302752293578,False
2019-09,2019,DRAM_DDR4_8Gb,USD,USD/chip,4.01,Smart automobile expansion,False,2019-09-01,False,24237,24236.0,4.2,True,-4.52380952380953,91.97247706422017,False
2019-10,2019,DRAM_DDR4_8Gb,USD,USD/chip,4.0,Smart automobile expansion,False,2019-10-01,False,24238,24237.0,4.01,True,-0.24937655860348684,91.74311926605505,False
2019-11,2019,DRAM_DDR4_8Gb,USD,USD/chip,2.96,Smart automobile expansion,False,2019-11-01,False,24239,24238.0,4.0,True,-26.0,67.88990825688073,False
2019-12,2019,DRAM_DDR4_8Gb,USD,USD/chip,2.85,Smart automobile expansion,False,2019-12-01,False,24240,24239.0,2.96,True,-3.716216216216217,65.36697247706422,False
2020-01,2020,DRAM_DDR4_8Gb,USD,USD/chip,2.81,Smart automobile expansion,False,2020-01-01,False,24241,24240.0,2.85,True,-1.403508771929829,64.44954128440367,False
2020-02,2020,DRAM_DDR4_8Gb,USD,USD/chip,3.05,Smart automobile expansion,False,2020-02-01,False,24242,24241.0,2.81,True,8.540925266903908,69.95412844036696,False
2020-03,2020,DRAM_DDR4_8Gb,USD,USD/chip,3.06,Smart automobile expansion,False,2020-03-01,False,24243,24242.0,3.05,True,0.3278688524590345,70.18348623853211,False
2020-04,2020,DRAM_DDR4_8Gb,USD,USD/chip,3.24,Smart automobile expansion,False,2020-04-01,False,24244,24243.0,3.06,True,5.882352941176472,74.31192660550458,False
2020-05,2020,DRAM_DDR4_8Gb,USD,USD/chip,3.38,Smart automobile expansion,False,2020-05-01,False,24245,24244.0,3.24,True,4.320987654320985,77.5229357798165,False
2020-06,2020,DRAM_DDR4_8Gb,USD,USD/chip,3.34,Smart automobile expansion,False,2020-06-01,False,24246,24245.0,3.38,True,-1.183431952662728,76.60550458715596,False
2020-07,2020,DRAM_DDR4_8Gb,USD,USD/chip,3.38,Smart automobile expansion,False,2020-07-01,False,24247,24246.0,3.34,True,1.1976047904191711,77.5229357798165,False
2020-08,2020,DRAM_DDR4_8Gb,USD,USD/chip,2.87,Smart automobile expansion,False,2020-08-01,False,24248,24247.0,3.38,True,-15.088757396449704,65.82568807339449,False
2020-09,2020,DRAM_DDR4_8Gb,USD,USD/chip,3.28,Smart automobile expansion,False,2020-09-01,False,24249,24248.0,2.87,True,14.28571428571428,75.22935779816513,False
2020-10,2020,DRAM_DDR4_8Gb,USD,USD/chip,3.05,Smart automobile expansion,False,2020-10-01,False,24250,24249.0,3.28,True,-7.012195121951215,69.95412844036696,False
2020-11,2020,DRAM_DDR4_8Gb,USD,USD/chip,3.05,Smart automobile expansion,False,2020-11-01,False,24251,24250.0,3.05,True,0.0,69.95412844036696,False
2020-12,2020,DRAM_DDR4_8Gb,USD,USD/chip,2.71,Smart automobile expansion,False,2020-12-01,False,24252,24251.0,3.05,True,-11.147540983606552,62.15596330275229,False
2021-01,2021,DRAM_DDR4_8Gb,USD,USD/chip,2.93,Smart automobile expansion,False,2021-01-01,False,24253,24252.0,2.71,True,8.11808118081181,67.20183486238533,False
2021-02,2021,DRAM_DDR4_8Gb,USD,USD/chip,3.23,Smart automobile expansion,False,2021-02-01,False,24254,24253.0,2.93,True,10.23890784982935,74.08256880733944,False
2021-03,2021,DRAM_DDR4_8Gb,USD,USD/chip,3.38,Smart automobile expansion,False,2021-03-01,False,24255,24254.0,3.23,True,4.643962848297201,77.5229357798165,False
2021-04,2021,DRAM_DDR4_8Gb,USD,USD/chip,3.6,Smart automobile expansion,False,2021-04-01,False,24256,24255.0,3.38,True,6.5088757396449815,82.56880733944953,False
2021-05,2021,DRAM_DDR4_8Gb,USD,USD/chip,3.91,Smart automobile expansion,False,2021-05-01,False,24257,24256.0,3.6,True,8.611111111111104,89.6788990825688,False
2021-06,2021,DRAM_DDR4_8Gb,USD,USD/chip,3.66,Smart automobile expansion,False,2021-06-01,False,24258,24257.0,3.91,True,-6.39386189258312,83.94495412844036,False
2021-07,2021,DRAM_DDR4_8Gb,USD,USD/chip,4.26,Smart automobile expansion,False,2021-07-01,False,24259,24258.0,3.66,True,16.393442622950815,97.70642201834862,False
2021-08,2021,DRAM_DDR4_8Gb,USD,USD/chip,4.06,Smart automobile expansion,False,2021-08-01,False,24260,24259.0,4.26,True,-4.694835680751175,93.11926605504586,False
2021-09,2021,DRAM_DDR4_8Gb,USD,USD/chip,3.97,Smart automobile expansion,False,2021-09-01,False,24261,24260.0,4.06,True,-2.216748768472887,91.05504587155963,False
2021-10,2021,DRAM_DDR4_8Gb,USD,USD/chip,3.74,Smart automobile expansion,False,2021-10-01,False,24262,24261.0,3.97,True,-5.793450881612094,85.77981651376146,False
2021-11,2021,DRAM_DDR4_8Gb,USD,USD/chip,4.0,Smart automobile expansion,False,2021-11-01,False,24263,24262.0,3.74,True,6.951871657753994,91.74311926605505,False
2021-12,2021,DRAM_DDR4_8Gb,USD,USD/chip,3.52,Smart automobile expansion,False,2021-12-01,False,24264,24263.0,4.0,True,-12.0,80.73394495412843,False
2022-01,2022,DRAM_DDR4_8Gb,USD,USD/chip,3.93,Transition Year,False,2022-01-01,False,24265,24264.0,3.52,True,11.64772727272727,90.13761467889908,False
2022-02,2022,DRAM_DDR4_8Gb,USD,USD/chip,3.56,Transition Year,False,2022-02-01,False,24266,24265.0,3.93,True,-9.414758269720103,81.65137614678899,False
2022-03,2022,DRAM_DDR4_8Gb,USD,USD/chip,3.75,Transition Year,False,2022-03-01,False,24267,24266.0,3.56,True,5.337078651685401,86.0091743119266,False
2022-04,2022,DRAM_DDR4_8Gb,USD,USD/chip,3.67,Transition Year,False,2022-04-01,False,24268,24267.0,3.75,True,-2.1333333333333315,84.1743119266055,False
2022-05,2022,DRAM_DDR4_8Gb,USD,USD/chip,3.82,Transition Year,False,2022-05-01,False,24269,24268.0,3.67,True,4.087193460490468,87.61467889908255,False
2022-06,2022,DRAM_DDR4_8Gb,USD,USD/chip,3.57,Transition Year,False,2022-06-01,False,24270,24269.0,3.82,True,-6.544502617801051,81.88073394495412,False
2022-07,2022,DRAM_DDR4_8Gb,USD,USD/chip,3.26,Transition Year,False,2022-07-01,False,24271,24270.0,3.57,True,-8.683473389355745,74.77064220183485,False
2022-08,2022,DRAM_DDR4_8Gb,USD,USD/chip,3.03,Transition Year,False,2022-08-01,False,24272,24271.0,3.26,True,-7.055214723926384,69.49541284403668,False
2022-09,2022,DRAM_DDR4_8Gb,USD,USD/chip,2.98,Transition Year,False,2022-09-01,False,24273,24272.0,3.03,True,-1.650165016501648,68.348623853211,False
2022-10,2022,DRAM_DDR4_8Gb,USD,USD/chip,2.64,Transition Year,False,2022-10-01,False,24274,24273.0,2.98,True,-11.409395973154357,60.550458715596335,False
2022-11,2022,DRAM_DDR4_8Gb,USD,USD/chip,2.28,Transition Year,False,2022-11-01,False,24275,24274.0,2.64,True,-13.636363636363647,52.29357798165136,False
2022-12,2022,DRAM_DDR4_8Gb,USD,USD/chip,2.05,Transition Year,False,2022-12-01,False,24276,24275.0,2.28,True,-10.087719298245613,47.0183486238532,False
2023-01,2023,DRAM_DDR4_8Gb,USD,USD/chip,1.7,AI expansion,False,2023-01-01,False,24277,24276.0,2.05,True,-17.07317073170731,38.990825688073386,False
2023-02,2023,DRAM_DDR4_8Gb,USD,USD/chip,1.78,AI expansion,False,2023-02-01,False,24278,24277.0,1.7,True,4.705882352941182,40.825688073394495,False
2023-03,2023,DRAM_DDR4_8Gb,USD,USD/chip,1.58,AI expansion,False,2023-03-01,False,24279,24278.0,1.78,True,-11.235955056179769,36.23853211009174,False
2023-04,2023,DRAM_DDR4_8Gb,USD,USD/chip,1.68,AI expansion,False,2023-04-01,False,24280,24279.0,1.58,True,6.329113924050622,38.532110091743114,False
2023-05,2023,DRAM_DDR4_8Gb,USD,USD/chip,1.58,AI expansion,False,2023-05-01,False,24281,24280.0,1.68,True,-5.952380952380942,36.23853211009174,False
2023-06,2023,DRAM_DDR4_8Gb,USD,USD/chip,1.66,AI expansion,False,2023-06-01,False,24282,24281.0,1.58,True,5.063291139240489,38.073394495412835,False
2023-07,2023,DRAM_DDR4_8Gb,USD,USD/chip,1.39,AI expansion,False,2023-07-01,False,24283,24282.0,1.66,True,-16.26506024096386,31.880733944954127,False
2023-08,2023,DRAM_DDR4_8Gb,USD,USD/chip,1.38,AI expansion,False,2023-08-01,False,24284,24283.0,1.39,True,-0.7194244604316502,31.651376146788984,False
2023-09,2023,DRAM_DDR4_8Gb,USD,USD/chip,1.64,AI expansion,False,2023-09-01,False,24285,24284.0,1.38,True,18.840579710144922,37.61467889908256,False
2023-10,2023,DRAM_DDR4_8Gb,USD,USD/chip,1.73,AI expansion,False,2023-10-01,False,24286,24285.0,1.64,True,5.487804878048785,39.678899082568805,False
2023-11,2023,DRAM_DDR4_8Gb,USD,USD/chip,1.74,AI expansion,False,2023-11-01,False,24287,24286.0,1.73,True,0.5780346820809301,39.908256880733944,False
2023-12,2023,DRAM_DDR4_8Gb,USD,USD/chip,1.93,AI expansion,False,2023-12-01,False,24288,24287.0,1.74,True,10.919540229885062,44.26605504587155,False
2024-01,2024,DRAM_DDR4_8Gb,USD,USD/chip,2.05,AI expansion,False,2024-01-01,False,24289,24288.0,1.93,True,6.217616580310881,47.0183486238532,False
2024-02,2024,DRAM_DDR4_8Gb,USD,USD/chip,2.08,AI expansion,False,2024-02-01,False,24290,24289.0,2.05,True,1.4634146341463428,47.70642201834862,False
2024-03,2024,DRAM_DDR4_8Gb,USD,USD/chip,2.01,AI expansion,False,2024-03-01,False,24291,24290.0,2.08,True,-3.3653846153846256,46.10091743119265,False
2024-04,2024,DRAM_DDR4_8Gb,USD,USD/chip,2.07,AI expansion,False,2024-04-01,False,24292,24291.0,2.01,True,2.9850746268656803,47.47706422018348,False
2024-05,2024,DRAM_DDR4_8Gb,USD,USD/chip,1.96,AI expansion,False,2024-05-01,False,24293,24292.0,2.07,True,-5.314009661835739,44.95412844036697,False
2024-06,2024,DRAM_DDR4_8Gb,USD,USD/chip,2.11,AI expansion,False,2024-06-01,False,24294,24293.0,1.96,True,7.653061224489788,48.39449541284403,False
2024-07,2024,DRAM_DDR4_8Gb,USD,USD/chip,2.12,AI expansion,False,2024-07-01,False,24295,24294.0,2.11,True,0.4739336492891155,48.62385321100917,False
2024-08,2024,DRAM_DDR4_8Gb,USD,USD/chip,2.04,AI expansion,False,2024-08-01,False,24296,24295.0,2.12,True,-3.7735849056603765,46.78899082568807,False
2024-09,2024,DRAM_DDR4_8Gb,USD,USD/chip,1.91,AI expansion,False,2024-09-01,False,24297,24296.0,2.04,True,-6.372549019607854,43.807339449541274,False
2024-10,2024,DRAM_DDR4_8Gb,USD,USD/chip,2.1,AI expansion,False,2024-10-01,False,24298,24297.0,1.91,True,9.947643979057608,48.1651376146789,False
2024-11,2024,DRAM_DDR4_8Gb,USD,USD/chip,2.03,AI expansion,False,2024-11-01,False,24299,24298.0,2.1,True,-3.3333333333333437,46.55963302752293,False
2024-12,2024,DRAM_DDR4_8Gb,USD,USD/chip,1.92,AI expansion,False,2024-12-01,False,24300,24299.0,2.03,True,-5.418719211822653,44.03669724770642,False
2025-01,2025,DRAM_DDR4_8Gb,USD,USD/chip,1.94,AI expansion,True,2025-01-01,False,24301,24300.0,1.92,True,1.041666666666674,44.49541284403669,False
2025-02,2025,DRAM_DDR4_8Gb,USD,USD/chip,1.82,AI expansion,True,2025-02-01,False,24302,24301.0,1.94,True,-6.185567010309267,41.74311926605505,False
2025-03,2025,DRAM_DDR4_8Gb,USD,USD/chip,1.84,AI expansion,True,2025-03-01,False,24303,24302.0,1.82,True,1.098901098901095,42.20183486238532,False
2025-04,2025,DRAM_DDR4_8Gb,USD,USD/chip,1.85,AI expansion,True,2025-04-01,False,24304,24303.0,1.84,True,0.5434782608695565,42.43119266055046,False
2025-05,2025,DRAM_DDR4_8Gb,USD,USD/chip,1.97,AI expansion,True,2025-05-01,False,24305,24304.0,1.85,True,6.486486486486487,45.183486238532105,False
2025-06,2025,DRAM_DDR4_8Gb,USD,USD/chip,1.8,AI expansion,True,2025-06-01,False,24306,24305.0,1.97,True,-8.629441624365475,41.28440366972477,False
2025-07,2025,DRAM_DDR4_8Gb,USD,USD/chip,1.96,AI expansion,True,2025-07-01,False,24307,24306.0,1.8,True,8.888888888888879,44.95412844036697,False
2025-08,2025,DRAM_DDR4_8Gb,USD,USD/chip,1.92,AI expansion,True,2025-08-01,False,24308,24307.0,1.96,True,-2.0408163265306145,44.03669724770642,False
2025-09,2025,DRAM_DDR4_8Gb,USD,USD/chip,2.05,AI expansion,True,2025-09-01,False,24309,24308.0,1.92,True,6.770833333333326,47.0183486238532,False
2025-10,2025,DRAM_DDR4_8Gb,USD,USD/chip,2.07,AI expansion,True,2025-10-01,False,24310,24309.0,2.05,True,0.9756097560975618,47.47706422018348,False
2025-11,2025,DRAM_DDR4_8Gb,USD,USD/chip,2.22,AI expansion,True,2025-11-01,False,24311,24310.0,2.07,True,7.246376811594213,50.91743119266056,False
2025-12,2025,DRAM_DDR4_8Gb,USD,USD/chip,2.15,AI expansion,True,2025-12-01,False,24312,24311.0,2.22,True,-3.1531531531531654,49.31192660550458,False
2026-01,2026,DRAM_DDR4_8Gb,USD,USD/chip,2.09,AI expansion,True,2026-01-01,False,24313,24312.0,2.15,True,-2.7906976744186074,47.93577981651376,False
2026-02,2026,DRAM_DDR4_8Gb,USD,USD/chip,2.13,AI expansion,True,2026-02-01,False,24314,24313.0,2.09,True,1.9138755980861344,48.85321100917431,False
2026-03,2026,DRAM_DDR4_8Gb,USD,USD/chip,2.23,AI expansion,True,2026-03-01,False,24315,24314.0,2.13,True,4.694835680751175,51.146788990825684,False
2026-04,2026,DRAM_DDR4_8Gb,USD,USD/chip,2.19,AI expansion,True,2026-04-01,False,24316,24315.0,2.23,True,-1.7937219730941756,50.22935779816513,False
2022-01,2022,HBM3_stack,USD,USD/stack,188.37,Transition Year,False,2022-01-01,False,24265,,,False,,100.0,False
2022-02,2022,HBM3_stack,USD,USD/stack,196.24,Transition Year,False,2022-02-01,False,24266,24265.0,188.37,True,4.177947656208536,104.17794765620853,False
2022-03,2022,HBM3_stack,USD,USD/stack,196.26,Transition Year,False,2022-03-01,False,24267,24266.0,196.24,True,0.010191602119835608,104.18856505813028,False
2022-04,2022,HBM3_stack,USD,USD/stack,220.01,Transition Year,False,2022-04-01,False,24268,24267.0,196.26,True,12.101294201569356,116.7967298402081,False
2022-05,2022,HBM3_stack,USD,USD/stack,216.4,Transition Year,False,2022-05-01,False,24269,24268.0,220.01,True,-1.6408345075223818,114.88028879333227,False
2022-06,2022,HBM3_stack,USD,USD/stack,229.54,Transition Year,False,2022-06-01,False,24270,24269.0,216.4,True,6.07208872458409,121.85592185592185,False
2022-07,2022,HBM3_stack,USD,USD/stack,246.1,Transition Year,False,2022-07-01,False,24271,24270.0,229.54,True,7.214428857715438,130.64713064713064,False
2022-08,2022,HBM3_stack,USD,USD/stack,240.22,Transition Year,False,2022-08-01,False,24272,24271.0,246.1,True,-2.3892726533929265,127.52561448213622,False
2022-09,2022,HBM3_stack,USD,USD/stack,255.61,Transition Year,False,2022-09-01,False,24273,24272.0,240.22,True,6.406627258346531,135.69570526092264,False
2022-10,2022,HBM3_stack,USD,USD/stack,256.74,Transition Year,False,2022-10-01,False,24274,24273.0,255.61,True,0.44207973083993934,136.29558846950152,False
2022-11,2022,HBM3_stack,USD,USD/stack,273.9,Transition Year,False,2022-11-01,False,24275,24274.0,256.74,True,6.6838046272493346,145.40531931836279,False
2022-12,2022,HBM3_stack,USD,USD/stack,278.45,Transition Year,False,2022-12-01,False,24276,24275.0,273.9,True,1.6611902154070934,147.82077825556087,False
2023-01,2023,HBM3_stack,USD,USD/stack,272.36,AI expansion,False,2023-01-01,False,24277,24276.0,278.45,True,-2.1871072005746006,144.58777937038806,False
2023-02,2023,HBM3_stack,USD,USD/stack,292.39,AI expansion,False,2023-02-01,False,24278,24277.0,272.36,True,7.354237039212785,155.22110739502043,False
2023-03,2023,HBM3_stack,USD,USD/stack,320.45,AI expansion,False,2023-03-01,False,24279,24278.0,292.39,True,9.5967714354116,170.11732229123533,False
2023-04,2023,HBM3_stack,USD,USD/stack,326.82,AI expansion,False,2023-04-01,False,24280,24279.0,320.45,True,1.9878296146044638,173.49896480331262,False
2023-05,2023,HBM3_stack,USD,USD/stack,317.39,AI expansion,False,2023-05-01,False,24281,24280.0,326.82,True,-2.8853803316810533,168.49285979720761,False
2023-06,2023,HBM3_stack,USD,USD/stack,359.3,AI expansion,False,2023-06-01,False,24282,24281.0,317.39,True,13.204574813321157,190.74162552423422,False
2023-07,2023,HBM3_stack,USD,USD/stack,348.56,AI expansion,False,2023-07-01,False,24283,24282.0,359.3,True,-2.9891455608126893,185.0400806922546,False
2023-08,2023,HBM3_stack,USD,USD/stack,400.51,AI expansion,False,2023-08-01,False,24284,24283.0,348.56,True,14.904177186137257,212.61878218399954,False
2023-09,2023,HBM3_stack,USD,USD/stack,409.42,AI expansion,False,2023-09-01,False,24285,24284.0,400.51,True,2.2246635539686865,217.3488347401391,False
2023-10,2023,HBM3_stack,USD,USD/stack,411.76,AI expansion,False,2023-10-01,False,24286,24285.0,409.42,True,0.5715402276391002,218.5910707649838,False
2023-11,2023,HBM3_stack,USD,USD/stack,424.15,AI expansion,False,2023-11-01,False,24287,24286.0,411.76,True,3.009034388964449,225.16855125550777,False
2023-12,2023,HBM3_stack,USD,USD/stack,431.89,AI expansion,False,2023-12-01,False,24288,24287.0,424.15,True,1.8248261228339002,229.27748579922493,False
2024-01,2024,HBM3_stack,USD,USD/stack,462.38,AI expansion,False,2024-01-01,False,24289,24288.0,431.89,True,7.059667971011141,245.4637150289324,False
2024-02,2024,HBM3_stack,USD,USD/stack,473.52,AI expansion,False,2024-02-01,False,24290,24289.0,462.38,True,2.409273757515451,251.377607899347,False
2024-03,2024,HBM3_stack,USD,USD/stack,514.03,AI expansion,False,2024-03-01,False,24291,24290.0,473.52,True,8.555076871093092,272.88315549185114,False
2024-04,2024,HBM3_stack,USD,USD/stack,558.96,AI expansion,False,2024-04-01,False,24292,24291.0,514.03,True,8.740734976557807,296.735148909062,False
2024-05,2024,HBM3_stack,USD,USD/stack,556.75,AI expansion,False,2024-05-01,False,24293,24292.0,558.96,True,-0.39537712895377775,295.5619259967086,False
2024-06,2024,HBM3_stack,USD,USD/stack,585.39,AI expansion,False,2024-06-01,False,24294,24293.0,556.75,True,5.1441400987876085,310.76604554865423,False
2024-07,2024,HBM3_stack,USD,USD/stack,587.64,AI expansion,False,2024-07-01,False,24295,24294.0,585.39,True,0.3843591451852646,311.96050326485107,False
2024-08,2024,HBM3_stack,USD,USD/stack,606.93,AI expansion,False,2024-08-01,False,24296,24295.0,587.64,True,3.282622013477643,322.2009874183787,False
2024-09,2024,HBM3_stack,USD,USD/stack,604.41,AI expansion,False,2024-09-01,False,24297,24296.0,606.93,True,-0.4152043893035362,320.86319477623823,False
2024-10,2024,HBM3_stack,USD,USD/stack,686.42,AI expansion,False,2024-10-01,False,24298,24297.0,604.41,True,13.56860409324796,364.39985135637306,False
2024-11,2024,HBM3_stack,USD,USD/stack,734.9,AI expansion,False,2024-11-01,False,24299,24298.0,686.42,True,7.062731272398826,390.13643361469445,False
2024-12,2024,HBM3_stack,USD,USD/stack,741.07,AI expansion,False,2024-12-01,False,24300,24299.0,734.9,True,0.8395700095251257,393.4119021075543,False
2025-01,2025,HBM3_stack,USD,USD/stack,663.9,AI expansion,True,2025-01-01,False,24301,24300.0,741.07,True,-10.413321278691633,352.4446567924829,False
2025-02,2025,HBM3_stack,USD,USD/stack,738.13,AI expansion,True,2025-02-01,False,24302,24301.0,663.9,True,11.18090073806297,391.85114402505707,False
2025-03,2025,HBM3_stack,USD,USD/stack,767.15,AI expansion,True,2025-03-01,False,24303,24302.0,738.13,True,3.9315567718423594,407.2569942135159,False
2025-04,2025,HBM3_stack,USD,USD/stack,719.97,AI expansion,True,2025-04-01,False,24304,24303.0,767.15,True,-6.150035846966039,382.21054308010827,False
2025-05,2025,HBM3_stack,USD,USD/stack,744.5,AI expansion,True,2025-05-01,False,24305,24304.0,719.97,True,3.407086406378035,395.23278653713436,False
2025-06,2025,HBM3_stack,USD,USD/stack,692.12,AI expansion,True,2025-06-01,False,24306,24305.0,744.5,True,-7.0355943586299485,367.4258109040718,False
2025-07,2025,HBM3_stack,USD,USD/stack,766.33,AI expansion,True,2025-07-01,False,24307,24306.0,692.12,True,10.722129110558875,406.8216807347242,False
2025-08,2025,HBM3_stack,USD,USD/stack,734.73,AI expansion,True,2025-08-01,False,24308,24307.0,766.33,True,-4.123549906698165,390.0461856983596,False
2025-09,2025,HBM3_stack,USD,USD/stack,781.35,AI expansion,True,2025-09-01,False,24309,24308.0,734.73,True,6.3451880282552775,414.7953495779583,False
2025-10,2025,HBM3_stack,USD,USD/stack,735.91,AI expansion,True,2025-10-01,False,24310,24309.0,781.35,True,-5.8155756063223984,390.6726124117428,False
2025-11,2025,HBM3_stack,USD,USD/stack,809.18,AI expansion,True,2025-11-01,False,24311,24310.0,735.91,True,9.956380535663323,429.569464352073,False
2025-12,2025,HBM3_stack,USD,USD/stack,833.47,AI expansion,True,2025-12-01,False,24312,24311.0,809.18,True,3.001804295706778,442.46429898603816,False
2026-01,2026,HBM3_stack,USD,USD/stack,787.74,AI expansion,True,2026-01-01,False,24313,24312.0,833.47,True,-5.48670018117029,418.18760949195735,False
2026-02,2026,HBM3_stack,USD,USD/stack,788.91,AI expansion,True,2026-02-01,False,24314,24313.0,787.74,True,0.14852616345493175,418.8087275043796,False
2026-03,2026,HBM3_stack,USD,USD/stack,768.02,AI expansion,True,2026-03-01,False,24315,24314.0,788.91,True,-2.647957308184712,407.71885119711203,False
2026-04,2026,HBM3_stack,USD,USD/stack,840.99,AI expansion,True,2026-04-01,False,24316,24315.0,768.02,True,9.501054660034903,446.456442108616,False
2014-01,2014,NAND_64Gb_MLC,USD,USD/chip,3.25,Smart automobile expansion,False,2014-01-01,False,24169,,,False,,100.0,False
2014-02,2014,NAND_64Gb_MLC,USD,USD/chip,3.08,Smart automobile expansion,False,2014-02-01,False,24170,24169.0,3.25,True,-5.230769230769228,94.76923076923077,False
2014-03,2014,NAND_64Gb_MLC,USD,USD/chip,3.39,Smart automobile expansion,False,2014-03-01,False,24171,24170.0,3.08,True,10.064935064935066,104.3076923076923,False
2014-04,2014,NAND_64Gb_MLC,USD,USD/chip,2.82,Smart automobile expansion,False,2014-04-01,False,24172,24171.0,3.39,True,-16.814159292035402,86.76923076923076,False
2014-05,2014,NAND_64Gb_MLC,USD,USD/chip,2.99,Smart automobile expansion,False,2014-05-01,False,24173,24172.0,2.82,True,6.028368794326244,92.0,False
2014-06,2014,NAND_64Gb_MLC,USD,USD/chip,2.78,Smart automobile expansion,False,2014-06-01,False,24174,24173.0,2.99,True,-7.023411371237476,85.53846153846153,False
2014-07,2014,NAND_64Gb_MLC,USD,USD/chip,2.8,Smart automobile expansion,False,2014-07-01,False,24175,24174.0,2.78,True,0.7194244604316502,86.15384615384615,False
2014-08,2014,NAND_64Gb_MLC,USD,USD/chip,2.81,Smart automobile expansion,False,2014-08-01,False,24176,24175.0,2.8,True,0.3571428571428559,86.46153846153847,False
2014-09,2014,NAND_64Gb_MLC,USD,USD/chip,2.49,Smart automobile expansion,False,2014-09-01,False,24177,24176.0,2.81,True,-11.387900355871883,76.61538461538461,False
2014-10,2014,NAND_64Gb_MLC,USD,USD/chip,2.7,Smart automobile expansion,False,2014-10-01,False,24178,24177.0,2.49,True,8.43373493975903,83.07692307692308,False
2014-11,2014,NAND_64Gb_MLC,USD,USD/chip,2.82,Smart automobile expansion,False,2014-11-01,False,24179,24178.0,2.7,True,4.444444444444429,86.76923076923076,False
2014-12,2014,NAND_64Gb_MLC,USD,USD/chip,2.51,Smart automobile expansion,False,2014-12-01,False,24180,24179.0,2.82,True,-10.99290780141844,77.23076923076923,False
2015-01,2015,NAND_64Gb_MLC,USD,USD/chip,2.53,Smart automobile expansion,False,2015-01-01,False,24181,24180.0,2.51,True,0.7968127490039834,77.84615384615384,False
2015-02,2015,NAND_64Gb_MLC,USD,USD/chip,2.56,Smart automobile expansion,False,2015-02-01,False,24182,24181.0,2.53,True,1.1857707509881577,78.76923076923077,False
2015-03,2015,NAND_64Gb_MLC,USD,USD/chip,2.4,Smart automobile expansion,False,2015-03-01,False,24183,24182.0,2.56,True,-6.25,73.84615384615384,False
2015-04,2015,NAND_64Gb_MLC,USD,USD/chip,2.31,Smart automobile expansion,False,2015-04-01,False,24184,24183.0,2.4,True,-3.749999999999998,71.07692307692308,False
2015-05,2015,NAND_64Gb_MLC,USD,USD/chip,2.12,Smart automobile expansion,False,2015-05-01,False,24185,24184.0,2.31,True,-8.225108225108224,65.23076923076924,False
2015-06,2015,NAND_64Gb_MLC,USD,USD/chip,2.33,Smart automobile expansion,False,2015-06-01,False,24186,24185.0,2.12,True,9.905660377358494,71.6923076923077,False
2015-07,2015,NAND_64Gb_MLC,USD,USD/chip,2.22,Smart automobile expansion,False,2015-07-01,False,24187,24186.0,2.33,True,-4.72103004291845,68.30769230769232,False
2015-08,2015,NAND_64Gb_MLC,USD,USD/chip,2.09,Smart automobile expansion,False,2015-08-01,False,24188,24187.0,2.22,True,-5.855855855855873,64.30769230769229,False
2015-09,2015,NAND_64Gb_MLC,USD,USD/chip,2.14,Smart automobile expansion,False,2015-09-01,False,24189,24188.0,2.09,True,2.392344497607679,65.84615384615385,False
2015-10,2015,NAND_64Gb_MLC,USD,USD/chip,2.04,Smart automobile expansion,False,2015-10-01,False,24190,24189.0,2.14,True,-4.672897196261683,62.76923076923077,False
2015-11,2015,NAND_64Gb_MLC,USD,USD/chip,2.0,Smart automobile expansion,False,2015-11-01,False,24191,24190.0,2.04,True,-1.9607843137254943,61.53846153846154,False
2015-12,2015,NAND_64Gb_MLC,USD,USD/chip,2.05,Smart automobile expansion,False,2015-12-01,False,24192,24191.0,2.0,True,2.499999999999991,63.07692307692307,False
2016-01,2016,NAND_64Gb_MLC,USD,USD/chip,1.85,Smart automobile expansion,False,2016-01-01,False,24193,24192.0,2.05,True,-9.756097560975597,56.92307692307692,False
2016-02,2016,NAND_64Gb_MLC,USD,USD/chip,2.17,Smart automobile expansion,False,2016-02-01,False,24194,24193.0,1.85,True,17.2972972972973,66.76923076923077,False
2016-03,2016,NAND_64Gb_MLC,USD,USD/chip,2.08,Smart automobile expansion,False,2016-03-01,False,24195,24194.0,2.17,True,-4.147465437788012,64.0,False
2016-04,2016,NAND_64Gb_MLC,USD,USD/chip,2.27,Smart automobile expansion,False,2016-04-01,False,24196,24195.0,2.08,True,9.134615384615374,69.84615384615384,False
2016-05,2016,NAND_64Gb_MLC,USD,USD/chip,2.66,Smart automobile expansion,False,2016-05-01,False,24197,24196.0,2.27,True,17.180616740088105,81.84615384615384,False
2016-06,2016,NAND_64Gb_MLC,USD,USD/chip,2.71,Smart automobile expansion,False,2016-06-01,False,24198,24197.0,2.66,True,1.8796992481203034,83.38461538461537,False
2016-07,2016,NAND_64Gb_MLC,USD,USD/chip,2.73,Smart automobile expansion,False,2016-07-01,False,24199,24198.0,2.71,True,0.7380073800737907,84.0,False
2016-08,2016,NAND_64Gb_MLC,USD,USD/chip,2.75,Smart automobile expansion,False,2016-08-01,False,24200,24199.0,2.73,True,0.73260073260073,84.61538461538461,False
2016-09,2016,NAND_64Gb_MLC,USD,USD/chip,2.92,Smart automobile expansion,False,2016-09-01,False,24201,24200.0,2.75,True,6.181818181818177,89.84615384615384,False
2016-10,2016,NAND_64Gb_MLC,USD,USD/chip,3.12,Smart automobile expansion,False,2016-10-01,False,24202,24201.0,2.92,True,6.849315068493156,96.00000000000001,False
2016-11,2016,NAND_64Gb_MLC,USD,USD/chip,3.25,Smart automobile expansion,False,2016-11-01,False,24203,24202.0,3.12,True,4.166666666666674,100.0,False
2016-12,2016,NAND_64Gb_MLC,USD,USD/chip,3.36,Smart automobile expansion,False,2016-12-01,False,24204,24203.0,3.25,True,3.384615384615386,103.38461538461539,False
2017-01,2017,NAND_64Gb_MLC,USD,USD/chip,3.5,Smart automobile expansion,False,2017-01-01,False,24205,24204.0,3.36,True,4.166666666666674,107.6923076923077,False
2017-02,2017,NAND_64Gb_MLC,USD,USD/chip,3.65,Smart automobile expansion,False,2017-02-01,False,24206,24205.0,3.5,True,4.285714285714293,112.3076923076923,False
2017-03,2017,NAND_64Gb_MLC,USD,USD/chip,3.62,Smart automobile expansion,False,2017-03-01,False,24207,24206.0,3.65,True,-0.8219178082191747,111.38461538461539,False
2017-04,2017,NAND_64Gb_MLC,USD,USD/chip,3.94,Smart automobile expansion,False,2017-04-01,False,24208,24207.0,3.62,True,8.83977900552486,121.23076923076923,False
2017-05,2017,NAND_64Gb_MLC,USD,USD/chip,4.35,Smart automobile expansion,False,2017-05-01,False,24209,24208.0,3.94,True,10.406091370558368,133.84615384615384,False
2017-06,2017,NAND_64Gb_MLC,USD,USD/chip,4.14,Smart automobile expansion,False,2017-06-01,False,24210,24209.0,4.35,True,-4.82758620689655,127.38461538461539,False
2017-07,2017,NAND_64Gb_MLC,USD,USD/chip,4.51,Smart automobile expansion,False,2017-07-01,False,24211,24210.0,4.14,True,8.937198067632846,138.76923076923075,False
2017-08,2017,NAND_64Gb_MLC,USD,USD/chip,4.57,Smart automobile expansion,False,2017-08-01,False,24212,24211.0,4.51,True,1.330376940133049,140.61538461538464,False
2017-09,2017,NAND_64Gb_MLC,USD,USD/chip,4.92,Smart automobile expansion,False,2017-09-01,False,24213,24212.0,4.57,True,7.658643326039383,151.3846153846154,False
2017-10,2017,NAND_64Gb_MLC,USD,USD/chip,4.99,Smart automobile expansion,False,2017-10-01,False,24214,24213.0,4.92,True,1.4227642276422925,153.53846153846155,False
2017-11,2017,NAND_64Gb_MLC,USD,USD/chip,5.57,Smart automobile expansion,False,2017-11-01,False,24215,24214.0,4.99,True,11.623246492985984,171.38461538461542,False
2017-12,2017,NAND_64Gb_MLC,USD,USD/chip,5.53,Smart automobile expansion,False,2017-12-01,False,24216,24215.0,5.57,True,-0.7181328545781018,170.15384615384616,False
2018-01,2018,NAND_64Gb_MLC,USD,USD/chip,5.31,Smart automobile expansion,False,2018-01-01,False,24217,24216.0,5.53,True,-3.9783001808318397,163.38461538461536,False
2018-02,2018,NAND_64Gb_MLC,USD,USD/chip,5.61,Smart automobile expansion,False,2018-02-01,False,24218,24217.0,5.31,True,5.649717514124308,172.6153846153846,False
2018-03,2018,NAND_64Gb_MLC,USD,USD/chip,5.17,Smart automobile expansion,False,2018-03-01,False,24219,24218.0,5.61,True,-7.843137254901967,159.07692307692307,False
2018-04,2018,NAND_64Gb_MLC,USD,USD/chip,5.07,Smart automobile expansion,False,2018-04-01,False,24220,24219.0,5.17,True,-1.934235976789156,156.0,False
2018-05,2018,NAND_64Gb_MLC,USD,USD/chip,5.12,Smart automobile expansion,False,2018-05-01,False,24221,24220.0,5.07,True,0.9861932938856066,157.53846153846155,False
2018-06,2018,NAND_64Gb_MLC,USD,USD/chip,4.82,Smart automobile expansion,False,2018-06-01,False,24222,24221.0,5.12,True,-5.859375,148.30769230769232,False
2018-07,2018,NAND_64Gb_MLC,USD,USD/chip,4.96,Smart automobile expansion,False,2018-07-01,False,24223,24222.0,4.82,True,2.9045643153526868,152.6153846153846,False
2018-08,2018,NAND_64Gb_MLC,USD,USD/chip,4.5,Smart automobile expansion,False,2018-08-01,False,24224,24223.0,4.96,True,-9.2741935483871,138.46153846153845,False
2018-09,2018,NAND_64Gb_MLC,USD,USD/chip,4.39,Smart automobile expansion,False,2018-09-01,False,24225,24224.0,4.5,True,-2.444444444444449,135.07692307692307,False
2018-10,2018,NAND_64Gb_MLC,USD,USD/chip,4.25,Smart automobile expansion,False,2018-10-01,False,24226,24225.0,4.39,True,-3.1890660592255093,130.76923076923077,False
2018-11,2018,NAND_64Gb_MLC,USD,USD/chip,4.13,Smart automobile expansion,False,2018-11-01,False,24227,24226.0,4.25,True,-2.8235294117647136,127.07692307692307,False
2018-12,2018,NAND_64Gb_MLC,USD,USD/chip,4.27,Smart automobile expansion,False,2018-12-01,False,24228,24227.0,4.13,True,3.3898305084745672,131.38461538461536,False
2019-01,2019,NAND_64Gb_MLC,USD,USD/chip,4.05,Smart automobile expansion,False,2019-01-01,False,24229,24228.0,4.27,True,-5.152224824355967,124.61538461538461,False
2019-02,2019,NAND_64Gb_MLC,USD,USD/chip,4.25,Smart automobile expansion,False,2019-02-01,False,24230,24229.0,4.05,True,4.938271604938271,130.76923076923077,False
2019-03,2019,NAND_64Gb_MLC,USD,USD/chip,4.37,Smart automobile expansion,False,2019-03-01,False,24231,24230.0,4.25,True,2.8235294117647136,134.46153846153845,False
2019-04,2019,NAND_64Gb_MLC,USD,USD/chip,3.85,Smart automobile expansion,False,2019-04-01,False,24232,24231.0,4.37,True,-11.89931350114416,118.46153846153847,False
2019-05,2019,NAND_64Gb_MLC,USD,USD/chip,4.04,Smart automobile expansion,False,2019-05-01,False,24233,24232.0,3.85,True,4.935064935064926,124.30769230769232,False
2019-06,2019,NAND_64Gb_MLC,USD,USD/chip,3.87,Smart automobile expansion,False,2019-06-01,False,24234,24233.0,4.04,True,-4.207920792079212,119.07692307692308,False
2019-07,2019,NAND_64Gb_MLC,USD,USD/chip,3.95,Smart automobile expansion,False,2019-07-01,False,24235,24234.0,3.87,True,2.067183462532296,121.53846153846155,False
2019-08,2019,NAND_64Gb_MLC,USD,USD/chip,3.99,Smart automobile expansion,False,2019-08-01,False,24236,24235.0,3.95,True,1.0126582278481067,122.76923076923079,False
2019-09,2019,NAND_64Gb_MLC,USD,USD/chip,3.95,Smart automobile expansion,False,2019-09-01,False,24237,24236.0,3.99,True,-1.0025062656641603,121.53846153846155,False
2019-10,2019,NAND_64Gb_MLC,USD,USD/chip,3.97,Smart automobile expansion,False,2019-10-01,False,24238,24237.0,3.95,True,0.5063291139240533,122.15384615384617,False
2019-11,2019,NAND_64Gb_MLC,USD,USD/chip,4.13,Smart automobile expansion,False,2019-11-01,False,24239,24238.0,3.97,True,4.030226700251882,127.07692307692307,False
2019-12,2019,NAND_64Gb_MLC,USD,USD/chip,3.98,Smart automobile expansion,False,2019-12-01,False,24240,24239.0,4.13,True,-3.6319612590798966,122.46153846153847,False
2020-01,2020,NAND_64Gb_MLC,USD,USD/chip,4.34,Smart automobile expansion,False,2020-01-01,False,24241,24240.0,3.98,True,9.045226130653262,133.53846153846155,False
2020-02,2020,NAND_64Gb_MLC,USD,USD/chip,4.1,Smart automobile expansion,False,2020-02-01,False,24242,24241.0,4.34,True,-5.529953917050701,126.15384615384615,False
2020-03,2020,NAND_64Gb_MLC,USD,USD/chip,4.81,Smart automobile expansion,False,2020-03-01,False,24243,24242.0,4.1,True,17.3170731707317,148.0,False
2020-04,2020,NAND_64Gb_MLC,USD,USD/chip,4.27,Smart automobile expansion,False,2020-04-01,False,24244,24243.0,4.81,True,-11.226611226611228,131.38461538461536,False
2020-05,2020,NAND_64Gb_MLC,USD,USD/chip,4.41,Smart automobile expansion,False,2020-05-01,False,24245,24244.0,4.27,True,3.2786885245901676,135.69230769230768,False
2020-06,2020,NAND_64Gb_MLC,USD,USD/chip,4.23,Smart automobile expansion,False,2020-06-01,False,24246,24245.0,4.41,True,-4.081632653061218,130.1538461538462,False
2020-07,2020,NAND_64Gb_MLC,USD,USD/chip,4.82,Smart automobile expansion,False,2020-07-01,False,24247,24246.0,4.23,True,13.947990543735212,148.30769230769232,False
2020-08,2020,NAND_64Gb_MLC,USD,USD/chip,4.76,Smart automobile expansion,False,2020-08-01,False,24248,24247.0,4.82,True,-1.2448132780083054,146.46153846153845,False
2020-09,2020,NAND_64Gb_MLC,USD,USD/chip,4.66,Smart automobile expansion,False,2020-09-01,False,24249,24248.0,4.76,True,-2.1008403361344463,143.3846153846154,False
2020-10,2020,NAND_64Gb_MLC,USD,USD/chip,4.41,Smart automobile expansion,False,2020-10-01,False,24250,24249.0,4.66,True,-5.364806866952787,135.69230769230768,False
2020-11,2020,NAND_64Gb_MLC,USD,USD/chip,4.75,Smart automobile expansion,False,2020-11-01,False,24251,24250.0,4.41,True,7.709750566893425,146.15384615384613,False
2020-12,2020,NAND_64Gb_MLC,USD,USD/chip,4.55,Smart automobile expansion,False,2020-12-01,False,24252,24251.0,4.75,True,-4.210526315789476,140.0,False
2021-01,2021,NAND_64Gb_MLC,USD,USD/chip,5.1,Smart automobile expansion,False,2021-01-01,False,24253,24252.0,4.55,True,12.08791208791209,156.92307692307693,False
2021-02,2021,NAND_64Gb_MLC,USD,USD/chip,4.97,Smart automobile expansion,False,2021-02-01,False,24254,24253.0,5.1,True,-2.5490196078431393,152.9230769230769,False
2021-03,2021,NAND_64Gb_MLC,USD,USD/chip,4.83,Smart automobile expansion,False,2021-03-01,False,24255,24254.0,4.97,True,-2.8169014084507005,148.6153846153846,False
2021-04,2021,NAND_64Gb_MLC,USD,USD/chip,4.36,Smart automobile expansion,False,2021-04-01,False,24256,24255.0,4.83,True,-9.730848861283636,134.15384615384616,False
2021-05,2021,NAND_64Gb_MLC,USD,USD/chip,4.62,Smart automobile expansion,False,2021-05-01,False,24257,24256.0,4.36,True,5.9633027522935755,142.15384615384616,False
2021-06,2021,NAND_64Gb_MLC,USD,USD/chip,4.94,Smart automobile expansion,False,2021-06-01,False,24258,24257.0,4.62,True,6.926406926406936,152.0,False
2021-07,2021,NAND_64Gb_MLC,USD,USD/chip,5.05,Smart automobile expansion,False,2021-07-01,False,24259,24258.0,4.94,True,2.2267206477732726,155.3846153846154,False
2021-08,2021,NAND_64Gb_MLC,USD,USD/chip,5.03,Smart automobile expansion,False,2021-08-01,False,24260,24259.0,5.05,True,-0.3960396039603853,154.76923076923077,False
2021-09,2021,NAND_64Gb_MLC,USD,USD/chip,4.51,Smart automobile expansion,False,2021-09-01,False,24261,24260.0,5.03,True,-10.337972166998021,138.76923076923075,False
2021-10,2021,NAND_64Gb_MLC,USD,USD/chip,4.87,Smart automobile expansion,False,2021-10-01,False,24262,24261.0,4.51,True,7.982261640798227,149.84615384615384,False
2021-11,2021,NAND_64Gb_MLC,USD,USD/chip,5.01,Smart automobile expansion,False,2021-11-01,False,24263,24262.0,4.87,True,2.8747433264886935,154.15384615384616,False
2021-12,2021,NAND_64Gb_MLC,USD,USD/chip,4.5,Smart automobile expansion,False,2021-12-01,False,24264,24263.0,5.01,True,-10.179640718562865,138.46153846153845,False
2022-01,2022,NAND_64Gb_MLC,USD,USD/chip,4.81,Transition Year,False,2022-01-01,False,24265,24264.0,4.5,True,6.888888888888878,148.0,False
2022-02,2022,NAND_64Gb_MLC,USD,USD/chip,4.78,Transition Year,False,2022-02-01,False,24266,24265.0,4.81,True,-0.6237006237006071,147.0769230769231,False
2022-03,2022,NAND_64Gb_MLC,USD,USD/chip,4.59,Transition Year,False,2022-03-01,False,24267,24266.0,4.78,True,-3.974895397489553,141.23076923076923,False
2022-04,2022,NAND_64Gb_MLC,USD,USD/chip,4.24,Transition Year,False,2022-04-01,False,24268,24267.0,4.59,True,-7.625272331154676,130.46153846153848,False
2022-05,2022,NAND_64Gb_MLC,USD,USD/chip,4.43,Transition Year,False,2022-05-01,False,24269,24268.0,4.24,True,4.481132075471694,136.30769230769232,False
2022-06,2022,NAND_64Gb_MLC,USD,USD/chip,4.34,Transition Year,False,2022-06-01,False,24270,24269.0,4.43,True,-2.0316027088036037,133.53846153846155,False
2022-07,2022,NAND_64Gb_MLC,USD,USD/chip,4.29,Transition Year,False,2022-07-01,False,24271,24270.0,4.34,True,-1.1520737327188946,132.0,False
2022-08,2022,NAND_64Gb_MLC,USD,USD/chip,4.14,Transition Year,False,2022-08-01,False,24272,24271.0,4.29,True,-3.4965034965035002,127.38461538461539,False
2022-09,2022,NAND_64Gb_MLC,USD,USD/chip,4.08,Transition Year,False,2022-09-01,False,24273,24272.0,4.14,True,-1.449275362318836,125.53846153846153,False
2022-10,2022,NAND_64Gb_MLC,USD,USD/chip,4.06,Transition Year,False,2022-10-01,False,24274,24273.0,4.08,True,-0.4901960784313819,124.92307692307692,False
2022-11,2022,NAND_64Gb_MLC,USD,USD/chip,4.06,Transition Year,False,2022-11-01,False,24275,24274.0,4.06,True,0.0,124.92307692307692,False
2022-12,2022,NAND_64Gb_MLC,USD,USD/chip,3.86,Transition Year,False,2022-12-01,False,24276,24275.0,4.06,True,-4.92610837438423,118.76923076923076,False
2023-01,2023,NAND_64Gb_MLC,USD,USD/chip,3.76,AI expansion,False,2023-01-01,False,24277,24276.0,3.86,True,-2.590673575129532,115.6923076923077,False
2023-02,2023,NAND_64Gb_MLC,USD,USD/chip,3.77,AI expansion,False,2023-02-01,False,24278,24277.0,3.76,True,0.26595744680850686,115.99999999999999,False
2023-03,2023,NAND_64Gb_MLC,USD,USD/chip,3.43,AI expansion,False,2023-03-01,False,24279,24278.0,3.77,True,-9.018567639257292,105.53846153846153,False
2023-04,2023,NAND_64Gb_MLC,USD,USD/chip,3.71,AI expansion,False,2023-04-01,False,24280,24279.0,3.43,True,8.163265306122437,114.15384615384616,False
2023-05,2023,NAND_64Gb_MLC,USD,USD/chip,3.58,AI expansion,False,2023-05-01,False,24281,24280.0,3.71,True,-3.5040431266846306,110.15384615384616,False
2023-06,2023,NAND_64Gb_MLC,USD,USD/chip,3.53,AI expansion,False,2023-06-01,False,24282,24281.0,3.58,True,-1.3966480446927498,108.6153846153846,False
2023-07,2023,NAND_64Gb_MLC,USD,USD/chip,3.6,AI expansion,False,2023-07-01,False,24283,24282.0,3.53,True,1.9830028328611915,110.76923076923077,False
2023-08,2023,NAND_64Gb_MLC,USD,USD/chip,3.14,AI expansion,False,2023-08-01,False,24284,24283.0,3.6,True,-12.777777777777777,96.61538461538461,False
2023-09,2023,NAND_64Gb_MLC,USD,USD/chip,3.28,AI expansion,False,2023-09-01,False,24285,24284.0,3.14,True,4.458598726114649,100.92307692307692,False
2023-10,2023,NAND_64Gb_MLC,USD,USD/chip,3.74,AI expansion,False,2023-10-01,False,24286,24285.0,3.28,True,14.024390243902452,115.07692307692308,False
2023-11,2023,NAND_64Gb_MLC,USD,USD/chip,3.85,AI expansion,False,2023-11-01,False,24287,24286.0,3.74,True,2.941176470588225,118.46153846153847,False
2023-12,2023,NAND_64Gb_MLC,USD,USD/chip,4.03,AI expansion,False,2023-12-01,False,24288,24287.0,3.85,True,4.675324675324677,124.0,False
2024-01,2024,NAND_64Gb_MLC,USD,USD/chip,4.07,AI expansion,False,2024-01-01,False,24289,24288.0,4.03,True,0.992555831265518,125.23076923076924,False
2024-02,2024,NAND_64Gb_MLC,USD,USD/chip,4.27,AI expansion,False,2024-02-01,False,24290,24289.0,4.07,True,4.914004914004888,131.38461538461536,False
2024-03,2024,NAND_64Gb_MLC,USD,USD/chip,4.32,AI expansion,False,2024-03-01,False,24291,24290.0,4.27,True,1.1709601873536535,132.92307692307693,False
2024-04,2024,NAND_64Gb_MLC,USD,USD/chip,4.24,AI expansion,False,2024-04-01,False,24292,24291.0,4.32,True,-1.851851851851849,130.46153846153848,False
2024-05,2024,NAND_64Gb_MLC,USD,USD/chip,4.12,AI expansion,False,2024-05-01,False,24293,24292.0,4.24,True,-2.8301886792452824,126.76923076923077,False
2024-06,2024,NAND_64Gb_MLC,USD,USD/chip,3.84,AI expansion,False,2024-06-01,False,24294,24293.0,4.12,True,-6.796116504854377,118.15384615384615,False
2024-07,2024,NAND_64Gb_MLC,USD,USD/chip,4.31,AI expansion,False,2024-07-01,False,24295,24294.0,3.84,True,12.239583333333325,132.6153846153846,False
2024-08,2024,NAND_64Gb_MLC,USD,USD/chip,4.39,AI expansion,False,2024-08-01,False,24296,24295.0,4.31,True,1.8561484918793614,135.07692307692307,False
2024-09,2024,NAND_64Gb_MLC,USD,USD/chip,4.3,AI expansion,False,2024-09-01,False,24297,24296.0,4.39,True,-2.050113895216399,132.3076923076923,False
2024-10,2024,NAND_64Gb_MLC,USD,USD/chip,4.05,AI expansion,False,2024-10-01,False,24298,24297.0,4.3,True,-5.813953488372093,124.61538461538461,False
2024-11,2024,NAND_64Gb_MLC,USD,USD/chip,4.31,AI expansion,False,2024-11-01,False,24299,24298.0,4.05,True,6.419753086419755,132.6153846153846,False
2024-12,2024,NAND_64Gb_MLC,USD,USD/chip,4.35,AI expansion,False,2024-12-01,False,24300,24299.0,4.31,True,0.9280742459396807,133.84615384615384,False
2025-01,2025,NAND_64Gb_MLC,USD,USD/chip,4.45,AI expansion,True,2025-01-01,False,24301,24300.0,4.35,True,2.298850574712663,136.92307692307693,False
2025-02,2025,NAND_64Gb_MLC,USD,USD/chip,4.02,AI expansion,True,2025-02-01,False,24302,24301.0,4.45,True,-9.662921348314624,123.69230769230768,False
2025-03,2025,NAND_64Gb_MLC,USD,USD/chip,4.11,AI expansion,True,2025-03-01,False,24303,24302.0,4.02,True,2.2388059701492713,126.46153846153847,False
2025-04,2025,NAND_64Gb_MLC,USD,USD/chip,4.26,AI expansion,True,2025-04-01,False,24304,24303.0,4.11,True,3.649635036496335,131.07692307692307,False
2025-05,2025,NAND_64Gb_MLC,USD,USD/chip,4.13,AI expansion,True,2025-05-01,False,24305,24304.0,4.26,True,-3.0516431924882625,127.07692307692307,False
2025-06,2025,NAND_64Gb_MLC,USD,USD/chip,3.92,AI expansion,True,2025-06-01,False,24306,24305.0,4.13,True,-5.0847457627118615,120.61538461538461,False
2025-07,2025,NAND_64Gb_MLC,USD,USD/chip,4.15,AI expansion,True,2025-07-01,False,24307,24306.0,3.92,True,5.867346938775531,127.69230769230771,False
2025-08,2025,NAND_64Gb_MLC,USD,USD/chip,4.16,AI expansion,True,2025-08-01,False,24308,24307.0,4.15,True,0.24096385542167198,128.0,False
2025-09,2025,NAND_64Gb_MLC,USD,USD/chip,4.06,AI expansion,True,2025-09-01,False,24309,24308.0,4.16,True,-2.4038461538461675,124.92307692307692,False
2025-10,2025,NAND_64Gb_MLC,USD,USD/chip,4.07,AI expansion,True,2025-10-01,False,24310,24309.0,4.06,True,0.24630541871923928,125.23076923076924,False
2025-11,2025,NAND_64Gb_MLC,USD,USD/chip,3.98,AI expansion,True,2025-11-01,False,24311,24310.0,4.07,True,-2.211302211302224,122.46153846153847,False
2025-12,2025,NAND_64Gb_MLC,USD,USD/chip,4.24,AI expansion,True,2025-12-01,False,24312,24311.0,3.98,True,6.5326633165829096,130.46153846153848,False
2026-01,2026,NAND_64Gb_MLC,USD,USD/chip,3.88,AI expansion,True,2026-01-01,False,24313,24312.0,4.24,True,-8.490566037735858,119.38461538461537,False
2026-02,2026,NAND_64Gb_MLC,USD,USD/chip,3.96,AI expansion,True,2026-02-01,False,24314,24313.0,3.88,True,2.0618556701030855,121.84615384615385,False
2026-03,2026,NAND_64Gb_MLC,USD,USD/chip,4.08,AI expansion,True,2026-03-01,False,24315,24314.0,3.96,True,3.0303030303030276,125.53846153846153,False
2026-04,2026,NAND_64Gb_MLC,USD,USD/chip,4.25,AI expansion,True,2026-04-01,False,24316,24315.0,4.08,True,4.166666666666674,130.76923076923077,False
2024-10,2024,NVIDIA_B200,USD,USD/unit,42124.09,AI expansion,False,2024-10-01,False,24298,,,False,,100.0,False
2024-11,2024,NVIDIA_B200,USD,USD/unit,37258.65,AI expansion,False,2024-11-01,False,24299,24298.0,42124.09,True,-11.550255447654767,88.44974455234524,False
2024-12,2024,NVIDIA_B200,USD,USD/unit,41236.94,AI expansion,False,2024-12-01,False,24300,24299.0,37258.65,True,10.677493682675031,97.8939604392641,False
2025-01,2025,NVIDIA_B200,USD,USD/unit,37949.43,AI expansion,True,2025-01-01,False,24301,24300.0,41236.94,True,-7.972245273291378,90.08961380530714,False
2025-02,2025,NVIDIA_B200,USD,USD/unit,35882.32,AI expansion,True,2025-02-01,False,24302,24301.0,37949.43,True,-5.44701198410622,85.18242174489706,False
2025-03,2025,NVIDIA_B200,USD,USD/unit,36223.79,AI expansion,True,2025-03-01,False,24303,24302.0,35882.32,True,0.9516385785534487,85.99305053236759,False
2025-04,2025,NVIDIA_B200,USD,USD/unit,35646.43,AI expansion,True,2025-04-01,False,24304,24303.0,36223.79,True,-1.5938696641074834,84.62243338669157,False
2025-05,2025,NVIDIA_B200,USD,USD/unit,34600.74,AI expansion,True,2025-05-01,False,24305,24304.0,35646.43,True,-2.93350554319185,82.14002961250914,False
2025-06,2025,NVIDIA_B200,USD,USD/unit,36136.81,AI expansion,True,2025-06-01,False,24306,24305.0,34600.74,True,4.439413723521524,85.78656535963151,False
2025-07,2025,NVIDIA_B200,USD,USD/unit,33650.22,AI expansion,True,2025-07-01,False,24307,24306.0,36136.81,True,-6.881044563701099,79.8835535675667,False
2025-08,2025,NVIDIA_B200,USD,USD/unit,31771.32,AI expansion,True,2025-08-01,False,24308,24307.0,33650.22,True,-5.583618769803,75.42316047658241,False
2025-09,2025,NVIDIA_B200,USD,USD/unit,33476.78,AI expansion,True,2025-09-01,False,24309,24308.0,31771.32,True,5.367923019880827,79.47181767012653,False
2025-10,2025,NVIDIA_B200,USD,USD/unit,31014.15,AI expansion,True,2025-10-01,False,24310,24309.0,33476.78,True,-7.3562331861068975,73.62568544507432,False
2025-11,2025,NVIDIA_B200,USD,USD/unit,31687.88,AI expansion,True,2025-11-01,False,24311,24310.0,31014.15,True,2.172331016648843,75.22507904621799,False
2025-12,2025,NVIDIA_B200,USD,USD/unit,30857.25,AI expansion,True,2025-12-01,False,24312,24311.0,31687.88,True,-2.6212861194879533,73.25321449080562,False
2026-01,2026,NVIDIA_B200,USD,USD/unit,30409.2,AI expansion,True,2026-01-01,False,24313,24312.0,30857.25,True,-1.4520088471914994,72.18957133554696,False
2026-02,2026,NVIDIA_B200,USD,USD/unit,33556.33,AI expansion,True,2026-02-01,False,24314,24313.0,30409.2,True,10.349269300080245,79.66066447963624,False
2026-03,2026,NVIDIA_B200,USD,USD/unit,30581.32,AI expansion,True,2026-03-01,False,24315,24314.0,33556.33,True,-8.865719224956969,72.59817363413667,False
2026-04,2026,NVIDIA_B200,USD,USD/unit,30295.89,AI expansion,True,2026-04-01,False,24316,24315.0,30581.32,True,-0.9333475468030872,71.92058036149861,False
2023-03,2023,NVIDIA_H100,USD,USD/unit,34195.17,AI expansion,False,2023-03-01,False,24279,,,False,,100.0,False
2023-04,2023,NVIDIA_H100,USD,USD/unit,32894.56,AI expansion,False,2023-04-01,False,24280,24279.0,34195.17,True,-3.803490375980001,96.19650962402,False
2023-05,2023,NVIDIA_H100,USD,USD/unit,35640.01,AI expansion,False,2023-05-01,False,24281,24280.0,32894.56,True,8.3462128692404,104.22527509002005,False
2023-06,2023,NVIDIA_H100,USD,USD/unit,34375.68,AI expansion,False,2023-06-01,False,24282,24281.0,35640.01,True,-3.54750181046527,100.52788156923917,False
2023-07,2023,NVIDIA_H100,USD,USD/unit,33054.82,AI expansion,False,2023-07-01,False,24283,24282.0,34375.68,True,-3.8424258080131057,96.66517230357388,False
2023-08,2023,NVIDIA_H100,USD,USD/unit,33254.09,AI expansion,False,2023-08-01,False,24284,24283.0,33054.82,True,0.6028470280582177,97.24791542197333,False
2023-09,2023,NVIDIA_H100,USD,USD/unit,34958.19,AI expansion,False,2023-09-01,False,24285,24284.0,33254.09,True,5.1244824320858084,102.23136776334204,False
2023-10,2023,NVIDIA_H100,USD,USD/unit,33805.55,AI expansion,False,2023-10-01,False,24286,24285.0,34958.19,True,-3.2971958788484135,98.86059931855876,False
2023-11,2023,NVIDIA_H100,USD,USD/unit,32323.25,AI expansion,False,2023-11-01,False,24287,24286.0,33805.55,True,-4.384782972026791,94.52577659359494,False
2023-12,2023,NVIDIA_H100,USD,USD/unit,32802.35,AI expansion,False,2023-12-01,False,24288,24287.0,32323.25,True,1.4822148144137737,95.92685165770487,False
2024-01,2024,NVIDIA_H100,USD,USD/unit,29897.6,AI expansion,False,2024-01-01,False,24289,24288.0,32802.35,True,-8.855310671339101,87.43223092618051,False
2024-02,2024,NVIDIA_H100,USD,USD/unit,30677.06,AI expansion,False,2024-02-01,False,24290,24289.0,29897.6,True,2.6070988975703813,89.71167565477816,False
2024-03,2024,NVIDIA_H100,USD,USD/unit,30177.31,AI expansion,False,2024-03-01,False,24291,24290.0,30677.06,True,-1.629067453008859,88.2502119451373,False
2024-04,2024,NVIDIA_H100,USD,USD/unit,28780.09,AI expansion,False,2024-04-01,False,24292,24291.0,30177.31,True,-4.630034950099926,84.16419628854017,False
2024-05,2024,NVIDIA_H100,USD,USD/unit,29177.74,AI expansion,False,2024-05-01,False,24293,24292.0,28780.09,True,1.3816843519252497,85.32707981858258,False
2024-06,2024,NVIDIA_H100,USD,USD/unit,27139.42,AI expansion,False,2024-06-01,False,24294,24293.0,29177.74,True,-6.9858734775208875,79.36623798039314,False
2024-07,2024,NVIDIA_H100,USD,USD/unit,28576.86,AI expansion,False,2024-07-01,False,24295,24294.0,27139.42,True,5.296502283394422,83.56987258726892,False
2024-08,2024,NVIDIA_H100,USD,USD/unit,28624.95,AI expansion,False,2024-08-01,False,24296,24295.0,28576.86,True,0.16828300939990548,83.71050648381045,False
2024-09,2024,NVIDIA_H100,USD,USD/unit,24916.2,AI expansion,False,2024-09-01,False,24297,24296.0,28624.95,True,-12.956354508916167,72.8646765025587,False
2024-10,2024,NVIDIA_H100,USD,USD/unit,29365.39,AI expansion,False,2024-10-01,False,24298,24297.0,24916.2,True,17.85661537473611,85.87584152966633,False
2024-11,2024,NVIDIA_H100,USD,USD/unit,24786.5,AI expansion,False,2024-11-01,False,24299,24298.0,29365.39,True,-15.592811810093444,72.48538316961138,False
2024-12,2024,NVIDIA_H100,USD,USD/unit,27318.46,AI expansion,False,2024-12-01,False,24300,24299.0,24786.5,True,10.215076755491893,79.88982069689959,False
2025-01,2025,NVIDIA_H100,USD,USD/unit,28639.88,AI expansion,True,2025-01-01,False,24301,24300.0,27318.46,True,4.837095502455124,83.75416762074879,False
2025-02,2025,NVIDIA_H100,USD,USD/unit,26637.79,AI expansion,True,2025-02-01,False,24302,24301.0,28639.88,True,-6.990566999582404,77.8992764182778,False
2025-03,2025,NVIDIA_H100,USD,USD/unit,25006.08,AI expansion,True,2025-03-01,False,24303,24302.0,26637.79,True,-6.125545700300206,73.127520641073,False
2025-04,2025,NVIDIA_H100,USD,USD/unit,24892.3,AI expansion,True,2025-04-01,False,24304,24303.0,25006.08,True,-0.4550093417280965,72.79478359078198,False
2025-05,2025,NVIDIA_H100,USD,USD/unit,26580.7,AI expansion,True,2025-05-01,False,24305,24304.0,24892.3,True,6.782820390241162,77.73232301520946,False
2025-06,2025,NVIDIA_H100,USD,USD/unit,23150.48,AI expansion,True,2025-06-01,False,24306,24305.0,26580.7,True,-12.90492725925202,67.70102327316987,False
2025-07,2025,NVIDIA_H100,USD,USD/unit,25640.35,AI expansion,True,2025-07-01,False,24307,24306.0,23150.48,True,10.755154968709068,74.98237324160108,False
2025-08,2025,NVIDIA_H100,USD,USD/unit,23947.16,AI expansion,True,2025-08-01,False,24308,24307.0,25640.35,True,-6.6036150052553815,70.03082599092211,False
2025-09,2025,NVIDIA_H100,USD,USD/unit,22397.64,AI expansion,True,2025-09-01,False,24309,24308.0,23947.16,True,-6.470579392295372,65.49942579609927,False
2025-10,2025,NVIDIA_H100,USD,USD/unit,22469.74,AI expansion,True,2025-10-01,False,24310,24309.0,22397.64,True,0.32190891540360145,65.71027428727508,False
2025-11,2025,NVIDIA_H100,USD,USD/unit,21595.0,AI expansion,True,2025-11-01,False,24311,24310.0,22469.74,True,-3.8929689440109327,63.15219371624706,False
2025-12,2025,NVIDIA_H100,USD,USD/unit,22775.64,AI expansion,True,2025-12-01,False,24312,24311.0,21595.0,True,5.467191479509137,66.60484507022483,False
2026-01,2026,NVIDIA_H100,USD,USD/unit,22126.44,AI expansion,True,2026-01-01,False,24313,24312.0,22775.64,True,-2.8504138632328258,64.7063313327584,False
2026-02,2026,NVIDIA_H100,USD,USD/unit,19581.29,AI expansion,True,2026-02-01,False,24314,24313.0,22126.44,True,-11.502754171027952,57.26332110646036,False
2026-03,2026,NVIDIA_H100,USD,USD/unit,20183.91,AI expansion,True,2026-03-01,False,24315,24314.0,19581.29,True,3.077529621388586,59.02561677570254,False
2026-04,2026,NVIDIA_H100,USD,USD/unit,19321.24,AI expansion,True,2026-04-01,False,24316,24315.0,20183.91,True,-4.274047991692386,56.50283358731658,False
